{"cameraMode":{"drawMode":0,"name":"Shaded","section":"Shading Mode"},"sceneLighting":false,"audioPlay":false,"sceneViewState":{"showFog":true,"showMaterialUpdate":true,"showSkybox":false,"showFlares":true,"showImageEffects":true,"showParticleSystems":true},"in2DMode":false,"pivot":{"x":-8.940696716308594e-8,"y":0.2735934853553772,"z":-0.02734231948852539},"rotation":{"x":-0.14018644392490388,"y":0.7463971972465515,"z":-0.16636808216571809,"w":-0.6289360523223877},"size":1.2785202264785767,"orthographic":false}