{"cameraMode":{"drawMode":0,"name":"Shaded","section":"Shading Mode"},"sceneLighting":false,"audioPlay":false,"sceneViewState":{"showFog":true,"showMaterialUpdate":true,"showSkybox":true,"showFlares":true,"showImageEffects":true,"showParticleSystems":true},"in2DMode":false,"pivot":{"x":251.54689025878907,"y":2365.427001953125,"z":523.4776611328125},"rotation":{"x":0.002856714650988579,"y":0.9823004603385925,"z":-0.1866856813430786,"w":0.01503127533942461},"size":79.794921875,"orthographic":false}