{"cameraMode":{"drawMode":0,"name":"Shaded","section":"Shading Mode"},"sceneLighting":false,"audioPlay":false,"sceneViewState":{"showFog":true,"showMaterialUpdate":true,"showSkybox":true,"showFlares":true,"showImageEffects":true,"showParticleSystems":true},"in2DMode":false,"pivot":{"x":170.39971923828126,"y":2357.70751953125,"z":547.2924194335938},"rotation":{"x":0.0011727653909474612,"y":0.9801180362701416,"z":-0.19848430156707765,"w":0.0058685834519565109},"size":41.32920455932617,"orthographic":false}