{"cameraMode":{"drawMode":0,"name":"Shaded","section":"Shading Mode"},"sceneLighting":false,"audioPlay":false,"sceneViewState":{"showFog":true,"showMaterialUpdate":true,"showSkybox":true,"showFlares":true,"showImageEffects":true,"showParticleSystems":true},"in2DMode":false,"pivot":{"x":252.5290069580078,"y":2330.3876953125,"z":438.63018798828127},"rotation":{"x":0.0011727653909474612,"y":0.9801180362701416,"z":-0.19848430156707765,"w":0.0058685834519565109},"size":116.71469116210938,"orthographic":false}