{"cameraMode":{"drawMode":0,"name":"Shaded","section":"Shading Mode"},"sceneLighting":false,"audioPlay":false,"sceneViewState":{"showFog":true,"showMaterialUpdate":true,"showSkybox":false,"showFlares":true,"showImageEffects":true,"showParticleSystems":true},"in2DMode":false,"pivot":{"x":-0.20887672901153565,"y":0.10530295968055725,"z":-0.1594133973121643},"rotation":{"x":-0.10331571847200394,"y":0.8629741072654724,"z":-0.19643281400203706,"w":-0.4538898169994354},"size":0.9214186072349548,"orthographic":false}