{"cameraMode":{"drawMode":0,"name":"Shaded","section":"Shading Mode"},"sceneLighting":false,"audioPlay":false,"sceneViewState":{"showFog":true,"showMaterialUpdate":true,"showSkybox":true,"showFlares":true,"showImageEffects":true,"showParticleSystems":true},"in2DMode":false,"pivot":{"x":3020.054931640625,"y":1702.575439453125,"z":-359.0029296875},"rotation":{"x":0.000014904572708474007,"y":-0.9894665479660034,"z":0.14530391991138459,"w":-0.0017763413488864899},"size":2899.58154296875,"orthographic":false}