{"cameraMode":{"drawMode":0,"name":"Shaded","section":"Shading Mode"},"sceneLighting":true,"audioPlay":false,"sceneViewState":{"showFog":true,"showMaterialUpdate":true,"showSkybox":true,"showFlares":true,"showImageEffects":true,"showParticleSystems":true},"in2DMode":false,"pivot":{"x":241.98233032226563,"y":2057.99853515625,"z":225.56539916992188},"rotation":{"x":0.0009042038582265377,"y":-0.9236620664596558,"z":0.383253812789917,"w":0.002166405785828829},"size":476.5863342285156,"orthographic":false}