{"cameraMode":{"drawMode":0,"name":"Shaded","section":"Shading Mode"},"sceneLighting":true,"audioPlay":false,"sceneViewState":{"showFog":true,"showMaterialUpdate":false,"showSkybox":true,"showFlares":true,"showImageEffects":true,"showParticleSystems":true},"in2DMode":false,"pivot":{"x":-89.74221801757813,"y":-63.86396789550781,"z":27.18157958984375},"rotation":{"x":-0.22279278934001923,"y":-0.34160977602005007,"z":0.08372639119625092,"w":-0.9092270731925964},"size":610.8101806640625,"orthographic":false}